Rohail Taha,taha77,rtabc,taha77@gmail.com,3090100461
Nouman Ali,nouman77,naabc,nouman77@gmail.com,3087564938
Hassan Khan,khan77,hkabc,khan77@gmail.com,3090147461
Uzair Khalid,uzair77,ukabc,uzair77@gmail.com,3093000461
Kamran Akmal,akmal77,kaabc,akmal77@gmail.com,3090166461
Haseeb Ahmad,haseeb77,haabc,haseeb77@gmail.com,3090199461
Tanveer Ali,ali77,taabc,ali77@gmail.com,3320100451
Nasir Majeed,nasir77,nmabc,nasir77@gmail.com,3030100091
Moiz Zubair,zubair66,mzabc,zubair77@gmail.com,3020105461
Afnan Shakeel,shakeel77,asabc,shakeel77@gmail.com,3349064938
Ammar Naeem,naeem77,anabc,naeem77@gmail.com,3050147961
Aitezaz Imtiaz,imtiaz77,aiabc,aitezaz77@gmail.com,3323801461
Malik Zeeshan,zeeshan77,mzabc,malik77@gmail.com,3020196401
Hassan Jameel,jameel77,hjabc,jameel77@gmail.com,3070149411
Khizar Sethi,sethi77,ksabc,sethi77@gmail.com,3320980431
Hamza Usman,usman77,huabc,usman77@gmail.com,3310190081
Qasim Khan,QasimK2,qkabc,qasim@gmail.com,03328746539
Kamroosh Sindhu,Kamroosh77,sindhuabc,kamroosh@gmail.com,03337865913
Abdul Raffay,Raffay77,arabc,raffay77@gmail.com,03087645872
